,product_title,product_url,product_breadcrumb,date,price,unit_price,loyalty_price,original_price,store_id,product_category,product_subcategory,product_subcategory_2,gender_breadcrumb,gender_title,price_per_unit,unit,labelling 
18861,EVO Unicorn Ride-On,http://groceries.asda.com/product/travel--leisure/evo-unicorn-rideon/1000227127236,& entertainment > travel & leisure > fitness accessories > fitness accessories,2/12/2025,30,£30.00/each,,,3,& entertainment,travel & leisure,fitness accessories,neutral,neutral,30,unit,Aleksandra
18617,Hy-Pro Rugby Ball,http://groceries.asda.com/product/travel--leisure/hypro-rugby-ball/1000383141865,& entertainment > travel & leisure > fitness accessories > fitness accessories,2/12/2025,7.99,£7.99/each,,,3,& entertainment,travel & leisure,fitness accessories,neutral,neutral,7.99,unit,Aleksandra
8643,Hy-Pro Basketball,http://groceries.asda.com/product/travel--leisure/hypro-basketball/1000383141969,& entertainment > travel & leisure > fitness accessories > fitness accessories,2/12/2025,7.99,£7.99/each,,,3,& entertainment,travel & leisure,fitness accessories,neutral,neutral,7.99,unit,Aleksandra
16754,George Home Step Up Box,http://groceries.asda.com/product/travel--leisure/george-home-step-up-box/1000383187043,& entertainment > travel & leisure > fitness accessories > fitness accessories,2/12/2025,18,£18.00/each,,,3,& entertainment,travel & leisure,fitness accessories,neutral,neutral,18,unit,Aleksandra
17051,EVO 3 Wheel Scooter - Pink,http://groceries.asda.com/product/travel--leisure/evo--wheel-scooter--pink/1000383177438,& entertainment > travel & leisure > fitness accessories > fitness accessories,2/12/2025,25,£25.00/each,,,3,& entertainment,travel & leisure,fitness accessories,neutral,neutral,25,unit,Aleksandra
19304,CoComelon Bobble Ride On,http://groceries.asda.com/product/travel--leisure/cocomelon-bobble-ride-on/1000383108149,& entertainment > travel & leisure > fitness accessories > fitness accessories,2/12/2025,30,£30.00/each,,,3,& entertainment,travel & leisure,fitness accessories,neutral,neutral,30,unit,Aleksandra
5260,EVO Inline Scooter - Blue,http://groceries.asda.com/product/travel--leisure/evo-inline-scooter--blue/1000383251411,& entertainment > travel & leisure > fitness accessories > fitness accessories,2/12/2025,20,£20.00/each,,,3,& entertainment,travel & leisure,fitness accessories,neutral,neutral,20,unit,Aleksandra
18349,Travels Travel Pillow,http://groceries.asda.com/product/travel--leisure/travels-travel-pillow/1000158533121,& entertainment > travel & leisure > travel essentials > travel essentials,2/12/2025,3,£3.00/each,,,3,& entertainment,travel & leisure,travel essentials,neutral,neutral,3,unit,Aleksandra
11611,Hy-Pro Goal,http://groceries.asda.com/product/travel--leisure/hypro-goal/1000383141861,& entertainment > travel & leisure > fitness accessories > fitness accessories,2/12/2025,25,£25.00/each,,,3,& entertainment,travel & leisure,fitness accessories,neutral,neutral,25,unit,Aleksandra
4481,Russell Hobbs    22520 Auto Steam Iron Red,https://groceries.morrisons.com/products/russell-hobbs----22520-auto-steam-iron-red/108272569,& garden > laundry > cleaning & storage > ironing,2/12/2025,12,,,,4,& garden,laundry,cleaning & storage,neutral,neutral,,,Aleksandra
977,Morrisons Large Cutlery Tray Platinum,https://groceries.morrisons.com/products/morrisons-large-cutlery-tray-platinum/113280820,& garden > laundry > cleaning & storage > cleaning,1/21/2025,2.5,,,5,4,& garden,laundry,cleaning & storage,neutral,neutral,,,Aleksandra
6867,Morrisons Spray Bottle 500ml Grey,https://groceries.morrisons.com/products/morrisons-spray-bottle-500ml-grey/113246963,& garden > laundry > cleaning & storage > cleaning,2/12/2025,1,,,,4,& garden,laundry,cleaning & storage,neutral,neutral,,,Aleksandra
6868,Morrisons 5 Litre Storage Box & Lid,https://groceries.morrisons.com/products/morrisons-5-litre-storage-box--lid/112457531,& garden > laundry > cleaning & storage > storage,2/12/2025,2.5,,,,4,& garden,laundry,cleaning & storage,neutral,neutral,,,Aleksandra
4383,Nutmeg Home Sink Plunger,https://groceries.morrisons.com/products/nutmeg-home-sink-plunger/113868076,& garden > laundry > cleaning & storage > cleaning,2/12/2025,2,,,,4,& garden,laundry,cleaning & storage,neutral,neutral,,,Aleksandra
4480,Nutmeg Home Bee Happy Seagrass Basket,https://groceries.morrisons.com/products/nutmeg-home-bee-happy-seagrass-basket/112502849,& garden > laundry > cleaning & storage > storage,2/12/2025,18,,,,4,& garden,laundry,cleaning & storage,neutral,neutral,,,Aleksandra
155,JML Phoenix Gold Iron,https://groceries.morrisons.com/products/jml-phoenix-gold-iron/114056416,& garden > laundry > cleaning & storage > ironing,1/7/2025,59.99,,,,4,& garden,laundry,cleaning & storage,neutral,neutral,,,Aleksandra
11769,Nutmeg Home Storage Caddy,https://groceries.morrisons.com/products/nutmeg-home-storage-caddy/113053539,& garden > laundry > cleaning & storage > storage,2/12/2025,4,,,,4,& garden,laundry,cleaning & storage,neutral,neutral,,,Aleksandra
4483,Nutmeg Home Hedgehog Door Stop,https://groceries.morrisons.com/products/nutmeg-home-hedgehog-door-stop/112493567,& garden > laundry > cleaning & storage > doormats & doorstops,2/12/2025,12,,,,4,& garden,laundry,cleaning & storage,neutral,neutral,,,Aleksandra
19031,Mamia Banana Rusk Biscotti Fingers 100g,/en-GB/p-mamia-banana-rusk-biscotti-fingers-100g/4088600566535,> baby toddler > baby food drink > snacks finger foods,2/12/2025,1.39,£1.39 / 100g,,1.39,5,> baby toddler,baby food drink,snacks finger foods,neutral,neutral,13.9,kg,Aleksandra
9075,"Mamia Apples, Carrots & Parsnips 120g",/en-GB/p-mamia-apples-carrots-parsnips-120g/4061461501044,> baby toddler > baby food drink > pouches pots,2/12/2025,0.59,£0.49 / 100g,,0.59,5,> baby toddler,baby food drink,pouches pots,neutral,neutral,4.9,kg,Aleksandra
14725,Organic Mamia Cocoa Rusk Biscotti Fingers 100g,/en-GB/p-organic-mamia-cocoa-rusk-biscotti-fingers-100g/4061462474668,> baby toddler > baby food drink > snacks finger foods,2/12/2025,1.39,£1.39 / 100g,,1.39,5,> baby toddler,baby food drink,snacks finger foods,neutral,neutral,13.9,kg,Aleksandra
1804,"Kiddylicious Mini Coconut Rolls, Infant Snack, 12 Months+, Multipack 8 X 6.8g",/en-GB/p-kiddylicious-mini-coconut-rolls-infant-snack-12-months-multipack-8-x-68g/5060040257890,> baby toddler > baby food drink > snacks finger foods,2/3/2025,1.99,£3.55 / 100g,,1.99,5,> baby toddler,baby food drink,snacks finger foods,neutral,neutral,35.5,kg,Aleksandra
1873,"Kiddylicious Wafers, Strawberry, Baby Snack, 6 Months+, Multipack, 10 X 4g",/en-GB/p-kiddylicious-wafers-strawberry-baby-snack-6-months-multipack-10-x-4g/5060040254448,> baby toddler > baby food drink > snacks finger foods,2/3/2025,1.99,£4.98 / 100g,,1.99,5,> baby toddler,baby food drink,snacks finger foods,neutral,neutral,49.8,kg,Aleksandra
7004,Mamia Mango Rice Pudding 100g,/en-GB/p-mamia-mango-rice-pudding-100g/4088600566238,> baby toddler > baby food drink > pouches pots,2/12/2025,1.09,£1.09 / 100g,,1.09,5,> baby toddler,baby food drink,pouches pots,neutral,neutral,10.9,kg,Aleksandra
13630,Mamia Organic Banana & Strawberry Rice Pudding 100g,/en-GB/p-mamia-organic-banana-strawberry-rice-pudding-100g/4088600566252,> baby toddler > baby food drink > pouches pots,2/12/2025,1.09,£1.09 / 100g,,1.09,5,> baby toddler,baby food drink,pouches pots,neutral,neutral,10.9,kg,Aleksandra
1405,Peppa Pig Sour Cream & Chive Flavour Lentil Hoops 5 X 17g,/en-GB/p-peppa-pig-sour-cream-chive-flavour-lentil-hoops-5-x-17g/5016451122326,> baby toddler > baby food drink > snacks finger foods,1/28/2025,0.99,£1.10 / 100g,,0.99,5,> baby toddler,baby food drink,snacks finger foods,neutral,neutral,11,kg,Aleksandra
7183,Mamia First Infant Milk From Birth 800g,/en-GB/p-mamia-first-infant-milk-from-birth-800g/4088600550084,> baby toddler > baby food drink > formula,2/12/2025,6.99,£8.74 / kg,,6.99,5,> baby toddler,baby food drink,formula,neutral,neutral,8.74,kg,Aleksandra
13925,Lynx Aerosol Bodyspray Africa 200,/en-GB/p-lynx-aerosol-bodyspray-africa-200/8711600357785,> health beauty > deodorants,2/12/2025,2.99,£1.50 / 100ml,,2.99,5,> health beauty,deodorants,,neutral,neutral,15,lt,Aleksandra
13754,"Aussie Mighty Mega Conditioner - Vegan - Lightweight & Gentle - For Soft & Shiny Hair, 470ml",/en-GB/p-aussie-mighty-mega-conditioner-vegan-lightweight-gentle-for-soft-shiny-hair-470ml/8006540780220,> health beauty > shampoo hair care,2/12/2025,5.89,£1.25 / 100ml,,5.89,5,> health beauty,shampoo hair care,,neutral,neutral,12.5,lt,Aleksandra
18683,Colgate Max White Luminous Whitening Toothpaste 75ml,/en-GB/p-colgate-max-white-luminous-whitening-toothpaste-75ml/8714789859415,> health beauty > dental care > oral care,2/12/2025,2.89,£3.85 / 100ml,,2.89,5,> health beauty,dental care,oral care,neutral,neutral,38.5,lt,Aleksandra
4432,"Calpol Sixplus Sugar Free Suspension, Paracetamol Medication, 6+ Years, Strawberry Flavour, 80ml",/en-GB/p-calpol-sixplus-sugar-free-suspension-paracetamol-medication-6-years-strawberry-flavour-80ml/3574660435221,> health beauty > medicine,2/12/2025,3.29,£3.29 / 100ml,,3.29,5,> health beauty,medicine,,neutral,neutral,32.9,lt,Aleksandra
14886,Garnier Micellar Water Facial Cleanser For Sensitive Skin 700ml,/en-GB/p-garnier-micellar-water-facial-cleanser-for-sensitive-skin-700ml/3600541938489,> health beauty > skin care,2/12/2025,5.99,£0.86 / 100ml,,5.99,5,> health beauty,skin care,,neutral,neutral,8.6,lt,Aleksandra
18345,Lacura Hydrating Cleanser For Normal To Dry Skin 236ml,/en-GB/p-lacura-hydrating-cleanser-for-normal-to-dry-skin-236ml/4061463860934,> health beauty > skin care,2/12/2025,3.49,£1.48 / 100ml,,3.49,5,> health beauty,skin care,,neutral,neutral,14.8,lt,Aleksandra
5178,Health Essentials Dry Tickly Cough 0.75g / 5ml Oral Solution 300ml,/en-GB/p-health-essentials-dry-tickly-cough-075g-5ml-oral-solution-300ml/4088600479149,> health beauty > medicines,2/12/2025,2.39,£0.80 / 100ml,,2.39,5,> health beauty,medicines,,neutral,neutral,8,lt,Aleksandra
16123,Hotel Collection Well Being Unwind Hand Wash 240ml,/en-GB/p-hotel-collection-well-being-unwind-hand-wash-240ml/4061463843463,> health beauty > bath shower soap,2/12/2025,1.49,£0.62 / 100ml,,1.49,5,> health beauty,bath shower soap,,neutral,neutral,6.2,lt,Aleksandra
5732,Activ Max A-Z Multivitamin & Minerals Food Supplement Tablets 60 Pack,/en-GB/p-activ-max-a-z-multivitamin-minerals-food-supplement-tablets-60-pack/4061464941434,> health beauty > sports nutrition > nutritional supplements,2/12/2025,1.99,£0.03 each,,1.99,5,> health beauty,sports nutrition,nutritional supplements,neutral,neutral,0.03,unit,Aleksandra
18666,Almat Bio Laundry Gel 720ml/24 Washes*,/en-GB/p-almat-bio-laundry-gel-720ml24-washes/4061459977059,> household > laundry > laundry detergents,2/12/2025,2.39,£3.32 / litre,,2.39,5,> household,laundry,laundry detergents,neutral,neutral,3.32,lt,Aleksandra
13700,Almat Coconut Crush 3 In 1 Bio Laundry Capsules 20x21g*,/en-GB/p-almat-coconut-crush-3-in-1-bio-laundry-capsules-20x21g/4061464861084,> household > laundry > laundry detergents,2/12/2025,2.89,0.69p / litre,,2.89,5,> household,laundry,laundry detergents,neutral,neutral,0.69,lt,Aleksandra
126,Purewick Lavender Air Freshener 7ml,/en-GB/p-purewick-lavender-air-freshener-7ml/4061461564704,> household > air fresheners,1/7/2025,1.79,£1.79 each,,1.79,5,> household,air fresheners,,neutral,neutral,1.79,unit,Aleksandra
9147,Powerforce Kitchen Cleaner 750ml,/en-GB/p-powerforce-kitchen-cleaner-750ml/4061461648077,> household > house cleaning,2/12/2025,0.85,£1.13 / litre,,0.85,5,> household,house cleaning,,neutral,neutral,1.13,lt,Aleksandra
19182,Almat Super Concentrated Bio Laundry Detergent 1.8l/60 Washes,/en-GB/p-almat-super-concentrated-bio-laundry-detergent-18l60-washes/4061464837225,> household > laundry > washing liquids powders,2/12/2025,3.39,£1.88 / litre,,3.39,5,> household,laundry,washing liquids powders,neutral,neutral,1.88,lt,Aleksandra
13440,Powerforce Multi-surface Cleaner With Bleach 750ml,/en-GB/p-powerforce-multi-surface-cleaner-with-bleach-750ml/4061459296587,> household > house cleaning,2/12/2025,0.85,£1.13 / litre,,0.85,5,> household,house cleaning,,neutral,neutral,1.13,lt,Aleksandra
14793,Almat Coconut Crush Bio Laundry Detergent 980ml/28 Washes,/en-GB/p-almat-coconut-crush-bio-laundry-detergent-980ml28-washes/4061464942349,> household > laundry > laundry detergents,2/12/2025,2.49,£2.54 / litre,,2.49,5,> household,laundry,laundry detergents,neutral,neutral,2.54,lt,Aleksandra
8299,Powerforce Lime & Mint Anti-bacterial Surface Cleaner 750ml,/en-GB/p-powerforce-lime-mint-anti-bacterial-surface-cleaner-750ml/4061459322842,> household > house cleaning,2/12/2025,0.85,£1.13 / litre,,0.85,5,> household,house cleaning,,neutral,neutral,1.13,lt,Aleksandra
19131,Powerforce Multi Surface Cleaner With Bleach 750ml,/en-GB/p-powerforce-multi-surface-cleaner-with-bleach-750ml/4061459322880,> household > house cleaning,2/12/2025,0.85,£1.13 / litre,,0.85,5,> household,house cleaning,,neutral,neutral,1.13,lt,Aleksandra
18377,Cow & Gate 1 First Baby Milk Formula Liquid Starter Pack from Birth 6x,http://groceries.asda.com/product/baby--toddler-milk/cow--gate--first-baby-milk-formula-liquid-starter-pack-from-birth-x/910001386943,baby > toddler & kids > baby & toddler milk > cow & gate baby milk > cow & gate first milk,2/12/2025,7,£1.67/100ml,,,3,baby,toddler & kids,baby & toddler milk,neutral,neutral,16.7,lt,Aleksandra
5325,Tommee Tippee Closer to Nature 2 Med Flow Teats 3+ Months,http://groceries.asda.com/product/baby-accessories/tommee-tippee-closer-to-nature--med-flow-teats--months/1000378540207,baby > toddler & kids > baby accessories > baby bottles > teats & accessories > baby bottles > teats & accessories,2/12/2025,3.72,£1.86/each,,,3,baby,toddler & kids,baby accessories,neutral,neutral,1.86,unit,Aleksandra
13029,Ella's Kitchen Organic Mango Rice Pudding 7+ Months,https://www.waitrose.com/ecom/products/ellas-kitchen-organic-mango-rice-pudding-7-months/456698-509192-509193,baby > child & parent > baby & toddler food > 7+ months (stage 2),2/12/2025,2.35,73.4p/100g,,,8,baby,child & parent,baby & toddler food,neutral,neutral,73.4,kg,Aleksandra
6366,Dreambaby Step Up Toilet Trainer 18+m,http://groceries.asda.com/product/baby-toiletries--healthcare/dreambaby-step-up-toilet-trainer-m/1000383190535,baby > toddler & kids > baby toiletries & healthcare > baby > toddler & kids bath > baby & childrens bath & shower,2/12/2025,22,£22.00/each,,,3,baby,toddler & kids,baby toiletries & healthcare,neutral,neutral,22,unit,Aleksandra
13465,LITTLE ANGELS by ASDA Organic Carrot Flavour Puffs 7+ Months 20g,http://groceries.asda.com/product/baby-toddler--kids-snacks/little-angels-by-asda-organic-carrot-flavour-puffs--months-g/910001267698,baby > toddler & kids > baby > toddler & kids snacks > baby snacks (under 12 months) > baby snacks (under 12 months),2/12/2025,0.65,£3.25/100g,,,3,baby,toddler & kids,baby,neutral,neutral,32.5,kg,Aleksandra
14990,Neal's Yard Baby Massage Oil,https://www.waitrose.com/ecom/products/neals-yard-baby-massage-oil/828025-758738-758739,baby > child & parent > bathtime & toiletries > baby oil,2/12/2025,7.5,£15/100ml,,10,8,baby,child & parent,bathtime & toiletries,neutral,neutral,150,lt,Aleksandra
19054,MAM Slow Flow Teat (Flow Rate 1) - 2 Pack,http://groceries.asda.com/product/baby-accessories/mam-slow-flow-teat-flow-rate----pack/1000002091917,baby > toddler & kids > baby accessories > baby bottles > teats & accessories > baby bottles > teats & accessories,2/12/2025,6.9,£3.45/each,,,3,baby,toddler & kids,baby accessories,neutral,neutral,3.45,unit,Aleksandra
13656,LITTLE ANGELS by ASDA Baby Oil 300ml,http://groceries.asda.com/product/baby-toiletries--healthcare/little-angels-by-asda-baby-oil-ml/910001336714,baby > toddler & kids > baby toiletries & healthcare > baby > toddler & kids skin care > baby & childrens skin care,2/12/2025,1.5,50.0p/100ml,,,3,baby,toddler & kids,baby toiletries & healthcare,neutral,neutral,50,lt,Ignacio
15392,Pampers Premium Protect Nappy Pants Size 4,https://www.waitrose.com/ecom/products/pampers-premium-protect-nappy-pants-size-4/880396-791659-791660,baby > child & parent > nappies & potty training > size 4 nappies & pants,2/12/2025,12,40p each,,,8,baby,child & parent,nappies & potty training,neutral,neutral,40,unit,Ignacio
18786,Kiddylicious Strawberry Fruity Bakes Baby Snacks 6x22g,https://www.sainsburys.co.uk/gol-ui/product/kiddylicious-strawberry-fruity-bakes-6-x-22g-132g-,baby & toddler > snacks & rusks,2/12/2025,2.65,£2.01 / 100g,2,,2,baby & toddler,snacks & rusks,,neutral,neutral,20.1,kg,Ignacio
6530,Johnson's Baby Lotion Everyday Use Delicate Skin Baby Lotion 500ml,https://www.sainsburys.co.uk/gol-ui/product/johnsons-baby-lotion-500ml,baby & toddler > toiletries & healthcare,2/12/2025,3,60p / 100ml,2.25,,2,baby & toddler,toiletries & healthcare,,neutral,neutral,60,lt,Ignacio
3776,Tommee Tippee Bottle & Teat Brush,www.tesco.com/groceries/en-GB/products/255469659,baby & toddler > baby bottles & accessories > baby bottle preparation & bottle brushes > bottle brushes,2/10/2025,3.2,3.2 / each,,,1,baby & toddler,baby bottles & accessories,baby bottle preparation & bottle brushes,neutral,neutral,3.2,unit,Ignacio
10995,Brica Dual Sight Mirror,https://groceries.morrisons.com/products/brica-dual-sight-mirror/109897093,baby & toddler > baby accessories > travel & safety,2/12/2025,4.99,,,,4,baby & toddler,baby accessories,travel & safety,neutral,neutral,,,Ignacio
19337,Persil Non Bio Sensitive Washing Laundry Detergent Powder 42 Washes 2.1 kg,https://www.sainsburys.co.uk/gol-ui/product/persil-non-bio-washing-powder-42-wash-21-kg,baby & toddler > baby laundry,2/12/2025,7,£3.33 / kg,,7,2,baby & toddler,baby laundry,,neutral,neutral,3.33,kg,Ignacio
17396,Tilda Kids Cheese & Tomato Rice 125G,www.tesco.com/groceries/en-GB/products/298597326,baby & toddler > baby & toddler food > stage 4: from 12 months > toddler food pouches,2/12/2025,1.25,10 / kg,,,1,baby & toddler,baby & toddler food,stage 4: from 12 months,neutral,neutral,10,kg,Ignacio
19495,Kiddylicious Coconut Rolls 56G,www.tesco.com/groceries/en-GB/products/296714660,baby & toddler > baby & toddler food > toddler snacks from 12 months > toddler snacks   biscuits & biscotti,2/12/2025,2.5,4.46 / 100g,2,,1,baby & toddler,baby & toddler food,toddler snacks from 12 months,neutral,neutral,44.6,kg,Ignacio
8558,Heinz Apple Pear & Banana Puree 4-36 Months,https://groceries.morrisons.com/products/heinz-apple-pear--banana-puree-4-36-months/109711674,baby & toddler > baby & toddler food & drinks > stage 1 (4 6 months) > desserts,2/12/2025,1.15,,,,4,baby & toddler,baby & toddler food & drinks,stage 1 (4 6 months),neutral,neutral,,,Ignacio
13206,Little Ones Fragranced Baby Wipes x60,https://www.sainsburys.co.uk/gol-ui/product/sainsburys-little-ones-fragranced-bio-baby-wipes-x64,baby & toddler > wipes,2/12/2025,0.65,1p / wipe,,0.65,2,baby & toddler,wipes,,neutral,neutral,1,unit,Ignacio
18309,Isle of Paradise Self Tanning Butter 200ml,https://www.sainsburys.co.uk/gol-ui/product/isle-of-paradise-self-tanning-butter-200ml,beauty & cosmetics > bath & body,2/12/2025,18,£9.00 / 100ml,,18,2,beauty & cosmetics,bath & body,,neutral,neutral,90,lt,Ignacio
9818,Nivea Rich Nourishing Body Lotion for Very Dry Skin 250ml,https://www.sainsburys.co.uk/gol-ui/product/nivea-body-ess-rich-caring-milk-250ml,beauty & cosmetics > bath & body,2/12/2025,4.6,£1.84 / 100ml,2.75,,2,beauty & cosmetics,bath & body,,neutral,neutral,18.4,lt,Ignacio
19192,Jolen Mild Cream Bleach 30ml,https://www.sainsburys.co.uk/gol-ui/product/jolene-mild-cream-bleach-30ml,beauty & cosmetics > bath & body,2/12/2025,5,£16.67 / 100ml,,5,2,beauty & cosmetics,bath & body,,neutral,neutral,166.7,lt,Ignacio
18030,Nivea Coconut & Monoi Oil Body Lotion for Normal to Dry Skin 400ml,https://www.sainsburys.co.uk/gol-ui/product/nivea-oil-in-lotion-coconut-monoi-oil-400ml,beauty & cosmetics > bath & body,2/12/2025,6.3,£1.58 / 100ml,4,,2,beauty & cosmetics,bath & body,,neutral,neutral,15.8,lt,Ignacio
5780,Original Source Mint & Tea Tree 2 In 1 Shower & Shave Foam 200ml,https://www.sainsburys.co.uk/gol-ui/product/original-source-tingly-mint-tea-tree-2-in-1-shower-shave-foam-200ml,beauty & cosmetics > bath & body,2/12/2025,3.5,£1.75 / 100ml,,3.5,2,beauty & cosmetics,bath & body,,neutral,neutral,17.5,lt,Ignacio
14210,Garnier Hand Repair Intensive Restoring Hand Cream 75ml,https://www.sainsburys.co.uk/gol-ui/product/garnier-intensive-7-days-hand-reno,beauty & cosmetics > bath & body,2/12/2025,5,£6.67 / 100ml,2.5,,2,beauty & cosmetics,bath & body,,neutral,neutral,66.7,lt,Ignacio
833,Scholl Athletes Foot Spray 150ml,https://www.sainsburys.co.uk/gol-ui/product/scholl-athletes-foot-spray-150ml-2055831-p-44,beauty & cosmetics > bath & body,1/17/2025,7.45,£4.97 / 100ml,,7.45,2,beauty & cosmetics,bath & body,,neutral,neutral,49.7,lt,Ignacio
8816,Palmer's Cocoa Butter Formula Body Oil 250ml,https://www.sainsburys.co.uk/gol-ui/product/palmers-cocoa-butter-formula-body-oil-250ml,beauty & cosmetics > bath & body,2/12/2025,6,£2.40 / 100ml,,6,2,beauty & cosmetics,bath & body,,neutral,neutral,24,lt,Ignacio
11107,Sanctuary Spa Lily & Rose Body Wash 250ml,https://www.sainsburys.co.uk/gol-ui/product/sanctuary-spa-white-lily-damask-rose-body-wash-250ml,beauty & cosmetics > bath & body,2/12/2025,7,£2.80 / 100ml,,7,2,beauty & cosmetics,bath & body,,neutral,neutral,28,lt,Ignacio
16207,Zoe Daily30+ Wholefood Supplement 7 day,https://www.waitrose.com/ecom/products/zoe-daily30-wholefood-supplement-7-day/958348-828265-828266,dietary & lifestyle > healthy options > zoe daily30+,2/12/2025,13.5,£12/100g,,,8,dietary & lifestyle,healthy options,zoe daily30+,neutral,neutral,120,kg,Ignacio
16268,Zoe Daily30+ Wholefood Supplement sachet,https://www.waitrose.com/ecom/products/zoe-daily30-wholefood-supplement-sachet/949376-828253-828254,dietary & lifestyle > healthy options > zoe daily30+,2/12/2025,2.25,£15/100g,,,8,dietary & lifestyle,healthy options,zoe daily30+,neutral,neutral,150,kg,Ignacio
4923,Sainsbury's Pro Fit Choc Whey Protein Powder 500g,https://www.sainsburys.co.uk/gol-ui/product/sainsburys-pro-fit-choc-whey-protein-powder-500g,dietary & world foods > sports nutrition,2/12/2025,16,£3.20 / 100g,,16,2,dietary & world foods,sports nutrition,,neutral,neutral,32,kg,Ignacio
19146,Monster Energy Drink Nitro 500ml,https://www.sainsburys.co.uk/gol-ui/product/monster-nitro-super-dry-energy-drink-500ml,dietary & world foods > sports nutrition > groceries > drinks > sports > energy & wellbeing,2/12/2025,1.95,39p / 100ml,,1.95,2,dietary & world foods,sports nutrition,groceries,neutral,neutral,39,lt,Ignacio
1379,Prime Hydration Strawberry Banana 500ml,https://www.sainsburys.co.uk/gol-ui/product/prime-hydration-strawberry-banana-500ml,dietary & world foods > sports nutrition > groceries > drinks > sports > energy & wellbeing,1/27/2025,2,40p / 100ml,,2,2,dietary & world foods,sports nutrition,groceries,neutral,neutral,40,lt,Ignacio
17822,PhD Charge All In One Blue Gummy Bear Pre Workout 300g,https://www.sainsburys.co.uk/gol-ui/product/phd-charge-all-in-one-pre-workout-blue-gummy-bear-300g,dietary & world foods > sports nutrition,2/12/2025,22,£7.33 / 100g,,22,2,dietary & world foods,sports nutrition,,neutral,neutral,73.3,kg,Ignacio
18878,Grenade Snack Size Bars Chocolate Chip Salted Caramel Flavour 3x35g,https://www.sainsburys.co.uk/gol-ui/product/grenade-snack-size-bars-chocolate-chip-salted-caramel-flavour-3x35g,dietary & world foods > sports nutrition > groceries > food cupboard > cereals > groceries > food cupboard > biscuits & crackers,2/12/2025,5.35,£5.10 / 100g,,5.35,2,dietary & world foods,sports nutrition,groceries,neutral,neutral,51,kg,Ignacio
6911,Sainsbury's Pro Fit Lean Vanilla Whey Powder 500g,https://www.sainsburys.co.uk/gol-ui/product/sainsburys-pro-fit-lean-vanilla-whey-powder-500g,dietary & world foods > sports nutrition,2/12/2025,13,£2.60 / 100g,,13,2,dietary & world foods,sports nutrition,,neutral,neutral,26,kg,Ignacio
6092,Grenade Oreo White 60g,https://www.sainsburys.co.uk/gol-ui/product/grenade-oreo-white-60g,dietary & world foods > sports nutrition,2/12/2025,2.9,£4.83 / 100g,,2.9,2,dietary & world foods,sports nutrition,,neutral,neutral,48.3,kg,Ignacio
18240,Optimum Nutrition Serious Mass Protein Powder Chocolate Flavour 8 Servings 2.73kg,https://www.sainsburys.co.uk/gol-ui/product/optimum-nutrition-serious-mass-protein-powder-chocolate-flavour8-servings-273kg%C2%A0,dietary & world foods > sports nutrition,2/12/2025,37.3,£1.37 / 100g,36,,2,dietary & world foods,sports nutrition,,neutral,neutral,13.7,kg,Ignacio
20117,Ensure Nutrivigor Vanilla Flavour Protein Shake 220ml,https://www.sainsburys.co.uk/gol-ui/product/ensure-nutrivigor-vanilla-flavour-220ml,dietary & world foods > sports nutrition > groceries > dietary & world foods > weight management > groceries > food cupboard > freefrom > groceries > drinks > sports > energy & wellbeing,2/12/2025,2.5,£11.36 / ltr,,2.5,2,dietary & world foods,sports nutrition,groceries,neutral,neutral,11.36,lt,Ignacio
5500,Lucozade Energy Original 8 Pack 380Ml,www.tesco.com/groceries/en-GB/products/297297527,drinks > sports & energy drinks > energy drinks > energy & stimulant drinks,2/12/2025,4.5,0.15 / 100ml,,,1,drinks,sports & energy drinks,energy drinks,neutral,neutral,1.5,lt,Ignacio
9961,Lucozade Energy Orange ,https://groceries.morrisons.com/products/lucozade-energy-orange/113879621,drinks > energy & sports > energy drinks > glucose energy,2/12/2025,9,,,,4,drinks,energy & sports,energy drinks,neutral,neutral,,,Ignacio
5058,Purdey's Rejuvenate Sparkling Grape & Apple with Ginseng 4x250ml,www.tesco.com/groceries/en-GB/products/308468712,drinks > sports & energy drinks > natural energy drinks > natural energy drinks,2/12/2025,4,0.4 / 100ml,,,1,drinks,sports & energy drinks,natural energy drinks,neutral,neutral,4,lt,Ignacio
10712,Monster Energy Drink Ultra Peachy Keen,https://groceries.morrisons.com/products/monster-energy-drink-ultra-peachy-keen/113373946,drinks > energy & sports > energy drinks > stimulation,2/12/2025,1.9,,,,4,drinks,energy & sports,energy drinks,neutral,neutral,,,Ignacio
2911,Wow Hydrate Protein Tropical 4X500ml,www.tesco.com/groceries/en-GB/products/307136151,drinks > sports & energy drinks > protein shakes > protein shake drinks,2/10/2025,4.5,0.22 / 100ml,,,1,drinks,sports & energy drinks,protein shakes,neutral,neutral,2.2,lt,Ignacio
5441,Lucozade Zero Sugar Pink Lemonade 900Ml,www.tesco.com/groceries/en-GB/products/308494283,drinks > sports & energy drinks > energy drinks > sugar free energy & stimulant drinks,2/12/2025,1.5,0.17 / 100ml,,,1,drinks,sports & energy drinks,energy drinks,neutral,neutral,1.7,lt,Ignacio
10275,Red Bull Energy Drink Zero Can,https://groceries.morrisons.com/products/red-bull-energy-drink-zero-can/106110902,drinks > energy & sports > energy drinks > stimulation,2/12/2025,1.3,,,,4,drinks,energy & sports,energy drinks,neutral,neutral,,,Ignacio
10545,Red Bull Energy Drink Original ,https://groceries.morrisons.com/products/red-bull-energy-drink-original/110421754,drinks > energy & sports > energy drinks > stimulation,2/12/2025,7.15,,,,4,drinks,energy & sports,energy drinks,neutral,neutral,,,Ignacio
9956,Lucozade Sport Drink Mango and Passion Fruit 4 Pack,https://groceries.morrisons.com/products/lucozade-sport-drink-mango-and-passion-fruit-4-pack/107183089,drinks > energy & sports > sports drinks,2/12/2025,3,,,4,4,drinks,energy & sports,sports drinks,neutral,neutral,,,Ignacio
4559,Medahuman Energy ,https://groceries.morrisons.com/products/medahuman-energy/112499011,food cupboard > health & wellbeing > drinks > juices,2/12/2025,2.5,,,,4,food cupboard,health & wellbeing,drinks,neutral,neutral,,,Ignacio
4571,Medahuman Relax ,https://groceries.morrisons.com/products/medahuman-relax/112499352,food cupboard > health & wellbeing > drinks > juices,2/12/2025,2.5,,,,4,food cupboard,health & wellbeing,drinks,neutral,neutral,,,Ignacio
5864,Skinny Whip Chocolate Orange ,https://groceries.morrisons.com/products/skinny-whip-chocolate-orange/112782262,food cupboard > health & wellbeing > healthy snacks,2/12/2025,1.15,,,,4,food cupboard,health & wellbeing,healthy snacks,neutral,neutral,,,Ignacio
4619,The Protein Ball Co. Lemon & Pistachio 6 Balls,https://groceries.morrisons.com/products/the-protein-ball-co-lemon--pistachio-6-balls/111368166,food cupboard > health & wellbeing > healthy snacks,2/12/2025,2,,,,4,food cupboard,health & wellbeing,healthy snacks,neutral,neutral,,,Ignacio
5826,Eat Natural Cereal Bar Almond Cranberry & Pomegranate ,https://groceries.morrisons.com/products/eat-natural-cereal-bar-almond-cranberry--pomegranate/113924349,food cupboard > health & wellbeing > healthy snacks,2/12/2025,1.35,,,,4,food cupboard,health & wellbeing,healthy snacks,neutral,neutral,,,Ignacio
5856,Itsu Sweet Soy & Sea Salt Crispy Seaweed Thins Multipack,https://groceries.morrisons.com/products/itsu-sweet-soy--sea-salt-crispy-seaweed-thins-multipack/113517532,food cupboard > health & wellbeing > healthy snacks,2/12/2025,2.85,,,,4,food cupboard,health & wellbeing,healthy snacks,neutral,neutral,,,Ignacio
6993,Bounce Caramel Protein Ball ,https://groceries.morrisons.com/products/bounce-caramel-protein-ball/112518795,food cupboard > health & wellbeing > healthy snacks,2/12/2025,2.1,,,,4,food cupboard,health & wellbeing,healthy snacks,neutral,neutral,,,Ignacio
5858,Skinny Crunch Light Mint & Dark Chocolate 5 Bars,https://groceries.morrisons.com/products/skinny-crunch-light-mint--dark-chocolate-5-bars/113796703,food cupboard > health & wellbeing > healthy snacks,2/12/2025,1.15,,,,4,food cupboard,health & wellbeing,healthy snacks,neutral,neutral,,,Ignacio
11266,Kind Dark Chocolate Nuts & Sea Salt Cereal Bars Multipack,https://groceries.morrisons.com/products/kind-dark-chocolate-nuts--sea-salt-cereal-bars-multipack/111563754,food cupboard > health & wellbeing > healthy snacks,2/12/2025,2,,,,4,food cupboard,health & wellbeing,healthy snacks,neutral,neutral,,,Ignacio
1763,Boy Birth Congrats Card - Moon,www.tesco.com/groceries/en-GB/products/325085396,greeting cards > christening & new baby cards > new baby,2/2/2025,2.65,2.65 / each,,,1,greeting cards,christening & new baby cards,new baby,neutral,neutral,2.65,unit,Ignacio
1066,Boy Birth Congratulations Card - Dumbo,www.tesco.com/groceries/en-GB/products/325085586,greeting cards > christening & new baby cards > new baby,1/23/2025,2.65,2.65 / each,,,1,greeting cards,christening & new baby cards,new baby,neutral,neutral,2.65,unit,Ignacio
1042,thortful Cute Safari Bus New Baby Card,www.tesco.com/groceries/en-GB/products/325085882,greeting cards > christening & new baby cards > new baby,1/22/2025,3.79,3.79 / each,,,1,greeting cards,christening & new baby cards,new baby,neutral,neutral,3.79,unit,Ignacio
2720,"Girl Birth Congratulations Card - Laser Cut, Welcome",www.tesco.com/groceries/en-GB/products/325085591,greeting cards > christening & new baby cards > new baby,2/10/2025,3.75,3.75 / each,,,1,greeting cards,christening & new baby cards,new baby,neutral,neutral,3.75,unit,Ignacio
1039,Girl Birth Congrats Card - Washing Line,www.tesco.com/groceries/en-GB/products/325085393,greeting cards > christening & new baby cards > new baby,1/22/2025,3.2,3.2 / each,,,1,greeting cards,christening & new baby cards,new baby,neutral,neutral,3.2,unit,Sam
1037,Christening Card - Little Church,www.tesco.com/groceries/en-GB/products/325085629,greeting cards > christening & new baby cards > christening,1/22/2025,3.2,3.2 / each,,,1,greeting cards,christening & new baby cards,christening,neutral,neutral,3.2,unit,Sam
1040,thortful Cute Noah's Ark New Baby Card,www.tesco.com/groceries/en-GB/products/325085902,greeting cards > christening & new baby cards > new baby,1/22/2025,3.79,3.79 / each,,,1,greeting cards,christening & new baby cards,new baby,neutral,neutral,3.79,unit,Sam
2749,Girl Birth Congrats Card - Moon,www.tesco.com/groceries/en-GB/products/325085397,greeting cards > christening & new baby cards > new baby,2/10/2025,2.65,2.65 / each,,,1,greeting cards,christening & new baby cards,new baby,neutral,neutral,2.65,unit,Sam
17393,Baby Shower Card - Umbrella,www.tesco.com/groceries/en-GB/products/325085577,greeting cards > christening & new baby cards > new baby,2/12/2025,2.65,2.65 / each,,,1,greeting cards,christening & new baby cards,new baby,neutral,neutral,2.65,unit,Sam
2551,Birth Congratulations Card - Stars and Moon,https://www.tesco.com/groceries/en-GB/products/325301638,greeting cards & party essentials > christening & new baby cards > new baby,2/10/2025,2.65,2.65 / each,,,1,greeting cards & party essentials,christening & new baby cards,new baby,neutral,neutral,2.65,unit,Sam
2510,Artery8 20 Fingers and Toes Baby Twins New Baby Card,https://www.tesco.com/groceries/en-GB/products/325229339,greeting cards & party essentials > christening & new baby cards > new baby,2/10/2025,3.99,3.99 / each,,,1,greeting cards & party essentials,christening & new baby cards,new baby,neutral,neutral,3.99,unit,Sam
2154,Artery8 Moving Bird House Congrats Bright New Home Card,https://www.tesco.com/groceries/en-GB/products/325228961,greeting cards & party essentials > christening & new baby cards > new baby,2/8/2025,3.99,3.99 / each,,,1,greeting cards & party essentials,christening & new baby cards,new baby,neutral,neutral,3.99,unit,Sam
20044,Girl Birth Congratulations Card - Pink Hearts,https://www.tesco.com/groceries/en-GB/products/325301644,greeting cards & party essentials > christening & new baby cards > new baby,2/12/2025,2.65,2.65 / each,,,1,greeting cards & party essentials,christening & new baby cards,new baby,neutral,neutral,2.65,unit,Sam
2444,Girl Birth Congratulations card - Elliot baby girl,www.tesco.com/groceries/en-GB/products/325097942,greeting cards & party essentials > christening & new baby cards > new baby,2/10/2025,2.65,2.65 / each,,,1,greeting cards & party essentials,christening & new baby cards,new baby,neutral,neutral,2.65,unit,Sam
4420,Nicotinell Nicotine Gum Stop Smoking Aid 2mg Fruit,https://groceries.morrisons.com/products/nicotinell-nicotine-gum-stop-smoking-aid-2mg-fruit/100685641,health > wellbeing & medicines > stop smoking > gum,2/12/2025,13.25,,,,4,health,wellbeing & medicines,stop smoking,neutral,neutral,,,Sam
6540,Morrisons Aspirin Tablets 300mg  ,https://groceries.morrisons.com/products/morrisons-aspirin-tablets-300mg/100685220,health > wellbeing & medicines > pain relief > general pain relief,2/12/2025,0.5,,,,4,health,wellbeing & medicines,pain relief,neutral,neutral,,,Sam
11450,Lemsip Cough For Mucus ,https://groceries.morrisons.com/products/lemsip-cough-for-mucus/109246549,health > wellbeing & medicines > cough > cold & flu > cough,2/12/2025,4,,,8,4,health,wellbeing & medicines,cough,neutral,neutral,,,Sam
8754,Slimfast Meal Replacement Very Berry Bar,https://groceries.morrisons.com/products/slimfast-meal-replacement-very-berry-bar/111333684,health > wellbeing & medicines > diet & slimming > slimming supplements,2/12/2025,8,,,,4,health,wellbeing & medicines,diet & slimming,neutral,neutral,,,Sam
7031,Rennie Deflatine Wind Relief Chewable Tablets,https://groceries.morrisons.com/products/rennie-deflatine-wind-relief-chewable-tablets/105010424,health > wellbeing & medicines > digestive health > wind,2/12/2025,3.3,,,,4,health,wellbeing & medicines,digestive health,neutral,neutral,,,Sam
7324,Seven Seas Omega-3 Fish Oil Extra Strength With Vitamin D Capsules,https://groceries.morrisons.com/products/seven-seas-omega-3-fish-oil-extra-strength-with-vitamin-d-capsules/111996867,health > wellbeing & medicines > vitamins & supplements > multivitamin > adults,2/12/2025,12,,,,4,health,wellbeing & medicines,vitamins & supplements,neutral,neutral,,,Sam
6580,Morrisons Multi Vitamins & Iron ,https://groceries.morrisons.com/products/morrisons-multi-vitamins--iron/108619702,health > wellbeing & medicines > vitamins & supplements > multivitamin,2/12/2025,3.5,,,,4,health,wellbeing & medicines,vitamins & supplements,neutral,neutral,,,Sam
5946,"Clearblue Digital and Visual Pregnancy Test Kit, Triple Check, 3 Tests",https://groceries.morrisons.com/products/clearblue-digital-and-visual-pregnancy-test-kit-triple-check-3-tests/112798467,health > wellbeing & medicines > family planning & sexual health > pregnancy & ovulation kits,2/12/2025,19,,,,4,health,wellbeing & medicines,family planning & sexual health,neutral,neutral,,,Sam
11085,Earex Advance Ear Drops ,https://groceries.morrisons.com/products/earex-advance-ear-drops/109246451,health > wellbeing & medicines > ear > eye and mouth care > ear care,2/12/2025,6,,,,4,health,wellbeing & medicines,ear,neutral,neutral,,,Sam
17557,Tesco Health 120 Vitamin D 12.5mcg Tablets,www.tesco.com/groceries/en-GB/products/312104907,health & beauty > vitamins > minerals & supplements > vitamin d > vitamin d,2/12/2025,4,0.03 / each,,,1,health & beauty,vitamins,minerals & supplements,neutral,neutral,0.03,unit,Sam
3107,HIGH5 Energy Gel Aqua Berry 66g,www.tesco.com/groceries/en-GB/products/317858675,health & beauty > lifestyle & wellbeing > sports nutrition > energy gels,2/10/2025,1.65,2.5 / 100g,0.95,,1,health & beauty,lifestyle & wellbeing,sports nutrition,neutral,neutral,25,kg,Sam
4091,Flowflex Antigen Sars-Cov-2 Rapid Covid-19 Test,www.tesco.com/groceries/en-GB/products/313740405,health & beauty > vitamins > minerals & supplements > at home testing kits > at home testing kits,2/10/2025,2,2 / each,,,1,health & beauty,vitamins,minerals & supplements,neutral,neutral,2,unit,Sam
731,Olive Oil Relaxer Kit Extra Strength,www.tesco.com/groceries/en-GB/products/278434700,health & beauty > haircare & styling > hair treatment & serum > hair serum > hair treatment & heat protect,1/17/2025,6.5,6.5 / each,4.5,,1,health & beauty,haircare & styling,hair treatment & serum,neutral,neutral,6.5,unit,Sam
2662,Aristocrat Silicone Face & Body Scrubbing Brush,www.tesco.com/groceries/en-GB/products/325112357,health & beauty > bathing accessories > loofahs > sponges & poufs,2/10/2025,6.99,6.99 / each,,,1,health & beauty,bathing accessories,loofahs,neutral,neutral,6.99,unit,Sam
2374,Colgate Plax Soft Mint Mouthwash 500ml,www.tesco.com/groceries/en-GB/products/272374463,health & beauty > toothpaste > mouthwash & toothbrush > mouthwash > everyday mouthwash,2/10/2025,4.5,0.9 / 100ml,,,1,health & beauty,toothpaste,mouthwash & toothbrush,neutral,neutral,9,lt,Sam
16749,Wahl Corded OPP Colour Coded Clipper Grooming Set 0.8mm Ground Blades 9155-2917,www.tesco.com/groceries/en-GB/products/325124371,health & beauty > grooming > hair clippers & multi grooming,2/12/2025,14.99,14.99 / each,,,1,health & beauty,grooming,hair clippers & multi grooming,neutral,neutral,14.99,unit,Sam
2759,Bonjela Adult Mouth Ulcer Relief Cool Mint Gel 15g,www.tesco.com/groceries/en-GB/products/256876248,health & beauty > medicine > ear drops > mouth ulcers & cold sore relief > mouth ulcer gels,2/10/2025,5.5,36.67 / 100g,,,1,health & beauty,medicine,ear drops,neutral,neutral,366.7,kg,Sam
3973,John Frieda Frizz Ease Recovery Conditioner 250Ml,www.tesco.com/groceries/en-GB/products/287005204,health & beauty > conditioner > normal hair   everyday conditioner > normal hair   everyday conditioner,2/10/2025,7,2.8 / 100ml,,,1,health & beauty,conditioner,normal hair   everyday conditioner,neutral,neutral,28,lt,Sam
18792,Durex Naturals Intimate Gel,http://groceries.asda.com/product/family-planning--sexual-wellbeing/durex-naturals-intimate-gel/910003075667,health & wellness > family planning & sexual wellbeing > lubricants & adult toys > lubricants & adult toys,2/12/2025,12,£12.00/100ml,,,3,health & wellness,family planning & sexual wellbeing,lubricants & adult toys,neutral,neutral,120,lt,Sam
13481,Ultra Chloraseptic Anaesthetic Throat Spray Honey & Lemon Flavour,http://groceries.asda.com/product/cough-cold--flu/ultra-chloraseptic-anaesthetic-throat-spray-honey--lemon-flavour/1000361202332,health & wellness > cough > cold & flu > sore throat relief > sore throat relief,2/12/2025,5,£333.33/lt,,,3,health & wellness,cough,cold & flu,neutral,neutral,333.33,lt,Sam
11610,Benylin Chesty Coughs Non-Drowsy Syrup 300ml,http://groceries.asda.com/product/cough-cold--flu/benylin-chesty-coughs-nondrowsy-syrup-ml/1963569,health & wellness > cough > cold & flu > cough syrup > cough syrup,2/12/2025,9.48,£31.60/lt,,,3,health & wellness,cough,cold & flu,neutral,neutral,31.6,lt,Sam
18731,Metanium Everyday Barrier Ointment,http://groceries.asda.com/product/childrens-health--wellness/metanium-everyday-barrier-ointment/910000475817,health & wellness > childrens health & wellness > nappy rash care > nappy rash care,2/12/2025,3,£7.50/100g,,,3,health & wellness,childrens health & wellness,nappy rash care,neutral,neutral,75,kg,Sam
4805,Sudafed Congestion & Headache Relief Max Strength Capsules Capsules,http://groceries.asda.com/product/cough-cold--flu/sudafed-congestion--headache-relief-max-strength-capsules-capsules/910001486397,health & wellness > cough > cold & flu > sinus & decongestants > sinus & decongestants,2/12/2025,3.98,24.9p/each,,,3,health & wellness,cough,cold & flu,neutral,neutral,24.9,unit,Sam
13250,Nurofen Pain Relief 256mg Caplets Ibuprofen x16,http://groceries.asda.com/product/pain-relief/nurofen-pain-relief-mg-caplets-ibuprofen-x/910002393314,health & wellness > pain relief > ibuprofen > ibuprofen,2/12/2025,4,25.0p/each,,,3,health & wellness,pain relief,ibuprofen,neutral,neutral,25,unit,Sam
4938,Calpol Saline Nasal Spray from Birth,http://groceries.asda.com/product/cough-cold--flu/calpol-saline-nasal-spray-from-birth/1000005550529,health & wellness > cough > cold & flu > baby & childrens cough and cold > baby & childrens cough and cold,2/12/2025,4,£266.67/lt,,,3,health & wellness,cough,cold & flu,neutral,neutral,266.67,lt,Sam
19296,Kinetik Health Wellbeing Blood Glucose 100 Test Strips,http://groceries.asda.com/product/first-aid/kinetik-health-wellbeing-blood-glucose--test-strips/1000217307794,health & wellness > first aid > view all first aid > view all first aid,2/12/2025,24.99,25.0p/each,,,3,health & wellness,first aid,view all first aid,neutral,neutral,25,unit,Sam
13870,Nurofen Express Pain Relief 200mg Liquid Capsules Ibuprofen x16,http://groceries.asda.com/product/pain-relief/nurofen-express-pain-relief-mg-liquid-capsules-ibuprofen-x/68021648,health & wellness > pain relief > ibuprofen > ibuprofen,2/12/2025,4.5,28.1p/each,,,3,health & wellness,pain relief,ibuprofen,neutral,neutral,28.1,unit,Sam
5493, TENA Maxi Night Incontinence Pads 6 pack, https://www.tesco.com/groceries/en-GB/products/268422073,health and beauty,2/12/2025,2.5,0.42 / each,,,1,health and beauty,,,neutral,neutral,0.42,unit,Sam
4182,Vileda String Replacement Mop Head,https://groceries.morrisons.com/products/vileda-string-replacement-mop-head/102908933,household > cleaning cupboard > cleaning accessories > mops & buckets,2/10/2025,4,,,,4,household,cleaning cupboard,cleaning accessories,neutral,neutral,,,Sam
14969,Energizer Recharge Power Plus AA 1.2V,https://www.waitrose.com/ecom/products/energizer-recharge-power-plus-aa-12v/835668-731384-731385,household > general household > batteries > aa batteries,2/12/2025,14,£3.50 each,,,8,household,general household,batteries,neutral,neutral,3.5,unit,Sam
6713,Lenor Outdoorable Fabric Conditioner Dreamy Jasmine 55 Washes,https://groceries.morrisons.com/products/lenor-outdoorable-fabric-conditioner-dreamy-jasmine-55-washes/114021651,household > laundry > fabric enhancers > fabric conditioner,2/12/2025,3.5,,,,4,household,laundry,fabric enhancers,neutral,neutral,,,Sam
13235,Sainsbury's Navy Gift Wrap Present Tissue Paper - 5 Sheets,https://www.sainsburys.co.uk/gol-ui/product/sainsburys-navy-gift-wrap-present-tissue-paper-5-sheets,household > household essentials,2/12/2025,1.5,£1.50 / ea,,1.5,2,household,household essentials,,neutral,neutral,1.5,unit,Sam
12763,Flash Duster XL Starter Kit,https://www.waitrose.com/ecom/products/flash-duster-xl-starter-kit/419870-783830-783831,household > cleaning cupboard > mops > brooms & dusters > dusters,2/12/2025,6,£6 each,,7,8,household,cleaning cupboard,mops,neutral,neutral,6,unit,Sam
19063,Sainsbury's Home LED Filament Globe 40W ES Light Bulb 2pk,https://www.sainsburys.co.uk/gol-ui/product/sainsburys-home-led-filament-globe-40w-es-light-bulb-2pk,household > household essentials,2/12/2025,5,£5.00 / ea,,5,2,household,household essentials,,neutral,neutral,5,unit,Sam
16460,Astonish Specialist Extra Strength Mould Blast Stain Remover 750ml,https://www.tesco.com/groceries/en-GB/products/317655293,household > bathroom cleaners & toilet care > bathroom & shower spray cleaners & wipes > mould remover & spray,2/12/2025,2,2.67 / litre,,,1,household,bathroom cleaners & toilet care,bathroom & shower spray cleaners & wipes,neutral,neutral,2.67,lt,Sam
14835,Glade Aerosol Clean Linen,https://www.waitrose.com/ecom/products/glade-aerosol-clean-linen/795358-795824-795825,household > candles & air fresheners > aerosols & room sprays,2/12/2025,2.25,75p/100ml,,,8,household,candles & air fresheners,aerosols & room sprays,neutral,neutral,75,lt,Sam
9393,Dettol Antibacterial Disinfectant Multi Surface Spray Pomegranate,https://groceries.morrisons.com/products/dettol-antibacterial-disinfectant-multi-surface-spray-pomegranate/107936474,household > cleaning cupboard > all purpose cleaners > sprays,2/12/2025,2.95,,,,4,household,cleaning cupboard,all purpose cleaners,neutral,neutral,,,Sam
2540,Blue Rubble Sacks (6 Pack),https://www.tesco.com/groceries/en-GB/products/325324141,laundry & cleaning > cleaning supplies > waste bags & bin liners,2/10/2025,9,9 / each,,,1,laundry & cleaning,cleaning supplies,waste bags & bin liners,neutral,neutral,9,unit,Sam
2466,Chef Aid Spout Washing Up Brush - White - One Size,www.tesco.com/groceries/en-GB/products/325180324,laundry & cleaning > cleaning equipment > washing up bowls > brushes & cleaning tools,2/10/2025,5.99,5.99 / each,,,1,laundry & cleaning,cleaning equipment,washing up bowls,neutral,neutral,5.99,unit,Sam
2155,Rothley Broom Holder - White - One Size,www.tesco.com/groceries/en-GB/products/325170537,laundry & cleaning > cleaning equipment > brooms > brushes & dusters,2/8/2025,5.99,5.99 / each,,,1,laundry & cleaning,cleaning equipment,brooms,neutral,neutral,5.99,unit,Sam
196,"OHS 6kg 2 Section Light Dark Storage Washing Hamper With Lid Laundry Basket, 6kg - Charcoal/White",www.tesco.com/groceries/en-GB/products/325097449,laundry & cleaning > laundry accessories > washing baskets & laundry bins,1/9/2025,17.99,17.99 / each,,,1,laundry & cleaning,laundry accessories,washing baskets & laundry bins,neutral,neutral,17.99,unit,Sam
2478,Tala Basin Waste Strainer - Silver - 7.4cm,www.tesco.com/groceries/en-GB/products/325176203,laundry & cleaning > cleaning equipment > washing up bowls > brushes & cleaning tools,2/10/2025,6.99,6.99 / each,,,1,laundry & cleaning,cleaning equipment,washing up bowls,neutral,neutral,6.99,unit,Sam
16734,"Braun 1900W Texstyle 1 Steam Iron, Red",www.tesco.com/groceries/en-GB/products/325112908,laundry & cleaning > irons & steamers > irons & steamers,2/12/2025,29.99,29.99 / each,,,1,laundry & cleaning,irons & steamers,irons & steamers,neutral,neutral,29.99,unit,Sam
16726,Addis 5 Star Rectangular Plastic Bowl - Black - 42 x 32cm,www.tesco.com/groceries/en-GB/products/325175492,laundry & cleaning > cleaning equipment > washing up bowls > brushes & cleaning tools,2/12/2025,9.99,9.99 / each,,,1,laundry & cleaning,cleaning equipment,washing up bowls,neutral,neutral,9.99,unit,Cyril
17466,Charles Bentley Brights Indoor Long Handled Lobby Dustpan & Brush Set - Orange,www.tesco.com/groceries/en-GB/products/325254079,laundry & cleaning > cleaning equipment > brooms > brushes & dusters,2/12/2025,19.99,19.99 / each,,,1,laundry & cleaning,cleaning equipment,brooms,neutral,neutral,19.99,unit,Cyril
1233,Showerdrape Echo Black Toilet Brush & Holder,www.tesco.com/groceries/en-GB/products/325140392,laundry & cleaning > cleaning equipment > toilet brushes,1/24/2025,12,12 / each,,,1,laundry & cleaning,cleaning equipment,toilet brushes,neutral,neutral,12,unit,Cyril
4384,Milton Maximum Protection Antibacterial Surface Spray ,http://groceries.asda.com/product/cleaning/milton-maximum-protection-antibacterial-surface-spray-/1000193463901,laundry & household > cleaning > kitchen > kitchen cleaning spray & wipes,2/12/2025,2.68,53.6p/100ml,,,3,laundry & household,cleaning,kitchen,neutral,neutral,53.6,lt,Cyril
10622,DC Car Air Freshener 3 Pack,http://groceries.asda.com/product/air-fresheners--home-fragrance/dc-car-air-freshener--pack/1000383163413,laundry & household > air fresheners & home fragrance > car air freshener > view all car air freshener,2/12/2025,2.5,83.3p/each,,,3,laundry & household,air fresheners & home fragrance,car air freshener,neutral,neutral,83.3,unit,Cyril
1506,Flash Spray Wipe Done Mandarin Hygiene Kitchen Cleaning Spray,http://groceries.asda.com/product/cleaning/flash-spray-wipe-done-mandarin-hygiene-kitchen-cleaning-spray/1000261484985,laundry & household > cleaning > kitchen > kitchen cleaning spray & wipes,1/29/2025,2.66,£3.33/lt,,,3,laundry & household,cleaning,kitchen,neutral,neutral,3.33,lt,Cyril
17020,Dettol Laundry Sanitiser Antibacterial Liquid Additive Fresh Cotton,http://groceries.asda.com/product/laundry/dettol-laundry-sanitiser-antibacterial-liquid-additive-fresh-cotton/910002954973,laundry & household > laundry > stain remover & laundry care > laundry sanitisers,2/12/2025,4.5,£3.00/lt,,,3,laundry & household,laundry,stain remover & laundry care,neutral,neutral,3,lt,Cyril
18704,Ecover Sensitive Fabric Softener 1.43l,http://groceries.asda.com/product/laundry/ecover-sensitive-fabric-softener-l/1000383224426,laundry & household > laundry > fabric conditioner & softeners > fabric conditioner & softeners,2/12/2025,5,£3.50/lt,,,3,laundry & household,laundry,fabric conditioner & softeners,neutral,neutral,3.5,lt,Cyril
19872,"Lenor Fabric Conditioner 42 Washes, Gold Orchid",http://groceries.asda.com/product/laundry/lenor-fabric-conditioner--washes-gold-orchid/1000383194773,laundry & household > laundry > fabric conditioner & softeners > fabric conditioner & softeners,2/12/2025,2.84,£2.05/lt,,,3,laundry & household,laundry,fabric conditioner & softeners,neutral,neutral,2.05,lt,Cyril
11164,"Febreze Bathroom, Continuous Air Freshener White Jasmine 2 Count",http://groceries.asda.com/product/air-fresheners--home-fragrance/febreze-bathroom-continuous-air-freshener-white-jasmine--count/1000383154936,laundry & household > air fresheners & home fragrance > gel & block air fresheners > gel & block air fresheners,2/12/2025,3.88,£1.94/each,,,3,laundry & household,air fresheners & home fragrance,gel & block air fresheners,neutral,neutral,1.94,unit,Cyril
7264,Comfort Ultimate Care Fresh Sky Ultra-Concentrated Fabric Conditioner 58 Wash,http://groceries.asda.com/product/laundry/comfort-ultimate-care-fresh-sky-ultraconcentrated-fabric-conditioner--wash/1000272699248,laundry & household > laundry > fabric conditioner & softeners > fabric conditioner & softeners,2/12/2025,2.38,£2.74/lt,,,3,laundry & household,laundry,fabric conditioner & softeners,neutral,neutral,2.74,lt,Cyril
12568,"Daz Liquid Laundry Detergent Gel 1.47ML 42 Washes, Whites And Colours",http://groceries.asda.com/product/laundry/daz-liquid-laundry-detergent-gel-ml--washes-whites-and-colours/1000383224526,laundry & household > laundry > laundry detergents > washing liquid & gel,2/12/2025,5.5,£3.74/lt,,,3,laundry & household,laundry,laundry detergents,neutral,neutral,3.74,lt,Cyril
16662,Oust Odour Eliminator Clean Scent,http://groceries.asda.com/product/household--cleaning-essentials/oust-odour-eliminator-clean-scent/40395083,pet food & accessories > household & cleaning essentials > pet clean up essentials > cleaning essentials,2/12/2025,1.43,£4.77/lt,,,3,pet food & accessories,household & cleaning essentials,pet clean up essentials,neutral,neutral,4.77,lt,Cyril
13098,"Febreze 3Volution Plug In Air Freshener Unit & Refill, Pet Odour Eliminator",http://groceries.asda.com/product/household--cleaning-essentials/febreze-volution-plug-in-air-freshener-unit--refill-pet-odour-eliminator/1000004043557,pet food & accessories > household & cleaning essentials > pet clean up essentials > cleaning essentials,2/12/2025,6.48,£6.48/each,,,3,pet food & accessories,household & cleaning essentials,pet clean up essentials,neutral,neutral,6.48,unit,Cyril
8777,Good Boy 20 Antibacterial Dog & Puppy Wipes,http://groceries.asda.com/product/household--cleaning-essentials/good-boy--antibacterial-dog--puppy-wipes/910002608664,pet food & accessories > household & cleaning essentials > pet clean up essentials > cleaning essentials,2/12/2025,1.5,7.5p/each,,,3,pet food & accessories,household & cleaning essentials,pet clean up essentials,neutral,neutral,7.5,unit,Cyril
17267,Febreze 3Volution Air Freshener Starter Kit Vanilla Magnolia,http://groceries.asda.com/product/household--cleaning-essentials/febreze-volution-air-freshener-starter-kit-vanilla-magnolia/910002065117,pet food & accessories > household & cleaning essentials > pet clean up essentials > cleaning essentials,2/12/2025,6.48,£6.48/each,,,3,pet food & accessories,household & cleaning essentials,pet clean up essentials,neutral,neutral,6.48,unit,Cyril
10736,Good Boy 150 Dog Poo Bags,http://groceries.asda.com/product/household--cleaning-essentials/good-boy--dog-poo-bags/910002359787,pet food & accessories > household & cleaning essentials > pet clean up essentials > cleaning essentials,2/12/2025,1.25,0.8p/each,,,3,pet food & accessories,household & cleaning essentials,pet clean up essentials,neutral,neutral,0.8,unit,Cyril
1734,Ashley Combination Luggage Strap - Blue,www.tesco.com/groceries/en-GB/products/325085178,sports & leisure > luggage & travel > luggage & bag accessories,2/1/2025,8.99,8.99 / each,,,1,sports & leisure,luggage & travel,luggage & bag accessories,neutral,neutral,8.99,unit,Cyril
65,Carta Sport Kernow Adjustable Rugby Kicking Tee - Black - One Size,www.tesco.com/groceries/en-GB/products/325115676,sports & leisure > ball sports > rugby,1/4/2025,25.99,25.99 / each,,,1,sports & leisure,ball sports,rugby,neutral,neutral,25.99,unit,Cyril
2581,Adult Lost Shoe Princess Fancy Dress Up Costume,https://www.tesco.com/groceries/en-GB/products/325320973,sports & leisure > hobbies & creative arts > art & crafts materials & supplies,2/10/2025,13.99,13.99 / each,,,1,sports & leisure,hobbies & creative arts,art & crafts materials & supplies,neutral,neutral,13.99,unit,Cyril
2425,OHS 4 Wheel Hard Shell Travel Luggage Suitcase Set of 3 - Sea Blue,www.tesco.com/groceries/en-GB/products/325101716,sports & leisure > luggage & travel > suitcases,2/10/2025,72.99,72.99 / each,,,1,sports & leisure,luggage & travel,suitcases,neutral,neutral,72.99,unit,Cyril
2579,A4 48 Pages Colouring Book for Boys by World of Colour,https://www.tesco.com/groceries/en-GB/products/325321389,sports & leisure > hobbies & creative arts > art & crafts materials & supplies,2/10/2025,4.99,4.99 / each,,,1,sports & leisure,hobbies & creative arts,art & crafts materials & supplies,neutral,neutral,4.99,unit,Cyril
787,HOMCOM 25kg Adjustable 2 IN 1 Barbell Dumbbells Weight Set for Fitness,www.tesco.com/groceries/en-GB/products/325114656,sports & leisure > weight training > dumbbells,1/17/2025,43.99,43.99 / each,,,1,sports & leisure,weight training,dumbbells,neutral,neutral,43.99,unit,Cyril
396,Lightweight Black Hard Shell ABS Suitcase Set Luggage Travel Trolley Set of 3 Cabin Cases,www.tesco.com/groceries/en-GB/products/325115223,sports & leisure > luggage & travel > suitcases,1/15/2025,69.99,69.99 / each,,,1,sports & leisure,luggage & travel,suitcases,neutral,neutral,69.99,unit,Cyril
2595,OHS 4 Wheel Hard Shell Travel Luggage Suitcase Set of 3 - Lilac,www.tesco.com/groceries/en-GB/products/325101729,sports & leisure > luggage & travel > suitcases,2/10/2025,72.99,72.99 / each,,,1,sports & leisure,luggage & travel,suitcases,neutral,neutral,72.99,unit,Cyril
44,West Ham United FC Unisex Adult Hoodie Blanket - Claret Red/Sky Blue - One Size,www.tesco.com/groceries/en-GB/products/325253325,sports & leisure > sports memorabilia & gifting > clothing > footwear & accessories,1/3/2025,33.99,33.99 / each,,,1,sports & leisure,sports memorabilia & gifting,clothing,neutral,neutral,33.99,unit,Cyril
12775,Guardium Acid Reflux Tablets,https://www.waitrose.com/ecom/products/guardium-acid-reflux-tablets/433163-672257-672258,toiletries > health & beauty > pharmacy & health > digestive health > heartburn & indigestion,2/12/2025,12.6,90p each,,,8,toiletries,health & beauty,pharmacy & health,neutral,neutral,90,unit,Cyril
12591,Kent Small Mixed Bristle Brush,https://www.waitrose.com/ecom/products/kent-small-mixed-bristle-brush/615902-769764-769765,toiletries > health & beauty > hair care > hair accessories,2/12/2025,9.5,£9.50 each,,,8,toiletries,health & beauty,hair care,neutral,neutral,9.5,unit,Cyril
15178,L'Oréal Elvive Bond Repair Pre-Shampoo,https://www.waitrose.com/ecom/products/loral-elvive-bond-repair-preshampoo/815180-800668-800669,toiletries > health & beauty > hair care > shampoo,2/12/2025,16.8,£8.40/100ml,,,8,toiletries,health & beauty,hair care,neutral,neutral,84,lt,Cyril
15138,Dove DermaSpa Fair to Medium Body Lotion,https://www.waitrose.com/ecom/products/dove-dermaspa-fair-to-medium-body-lotion/805732-711278-711279,toiletries > health & beauty > holiday shop > holiday preparation > self tanning,2/12/2025,8.95,£4.48/100ml,,,8,toiletries,health & beauty,holiday shop,neutral,neutral,44.8,lt,Cyril
15774,Safe + Sound Travel Bottles,https://www.waitrose.com/ecom/products/safe--sound-travel-bottles/800138-168694-168695,toiletries > health & beauty > holiday shop > travel essentials,2/12/2025,5.25,£1.75 each,,,8,toiletries,health & beauty,holiday shop,neutral,neutral,1.75,unit,Cyril
14236,Baylis & Harding Goodness Rose & Geranium Body Wash,https://www.waitrose.com/ecom/products/baylis--harding-goodness-rose--geranium-body-wash/790791-724054-724055,toiletries > health & beauty > bath > shower & soap > shower gels & body wash > shower gels & body wash > family & everyday,2/12/2025,3.15,63p/100ml,,4.2,8,toiletries,health & beauty,bath,neutral,neutral,63,lt,Cyril
16257,Oral-B Pro Expert Criss Cross Toothbrushes 3 Pack,https://www.waitrose.com/ecom/products/oralb-pro-expert-criss-cross-toothbrushes-3-pack/943703-835634-835635,toiletries > health & beauty > dental care > toothbrushes > manual toothbrushes,2/12/2025,6,£2 each,,,8,toiletries,health & beauty,dental care,neutral,neutral,2,unit,Cyril
12296,Natracare Ultra Extra Pads Super,https://www.waitrose.com/ecom/products/natracare-ultra-extra-pads-super/604965-696166-696167,toiletries > health & beauty > period & intimate care > period pads > heavy flow,2/12/2025,2.2,22p each,,2.75,8,toiletries,health & beauty,period & intimate care,neutral,neutral,22,unit,Cyril
15297,Nivea Roll On Pearl & Beauty,https://www.waitrose.com/ecom/products/nivea-roll-on-pearl--beauty/899190-168867-168868,toiletries > health & beauty > holiday shop > holiday toiletries > travel toiletries,2/12/2025,2,£8/100ml,,,8,toiletries,health & beauty,holiday shop,neutral,neutral,80,lt,Cyril
7779,Garnier Olia 6.66 Vivid Garnet Red Permanent Hair Dye,http://groceries.asda.com/product/hair-care-dye--styling/garnier-olia--vivid-garnet-red-permanent-hair-dye/910001707075,toiletries & beauty > hair care > dye & styling > hair dye > permanent hair dye,2/12/2025,10,£10.00/each,,,3,toiletries & beauty,hair care,dye & styling,neutral,neutral,10,unit,Cyril
7890,NIVEA 2-In-1 Cleanser & Toner for Normal & Combination Skin ,https://groceries.morrisons.com/products/nivea-2-in-1-cleanser--toner-for-normal--combination-skin/100760322,toiletries & beauty > skin care > facial cleaners > toners & face masks > cleansers,2/12/2025,5,,,,4,toiletries & beauty,skin care,facial cleaners,neutral,neutral,,,Cyril
10367,Aussie Curls Shampoo,https://groceries.morrisons.com/products/aussie-curls-shampoo/113253611,toiletries & beauty > hair care > shampoo & conditioner > shampoo,2/12/2025,4.5,,,,4,toiletries & beauty,hair care,shampoo & conditioner,neutral,neutral,,,Cyril
4253,ASDA Sleep & Relax Bath Soak Lavender Extract,http://groceries.asda.com/product/bath-shower--soap/asda-sleep--relax-bath-soak-lavender-extract/1000216700388,toiletries & beauty > bath > shower & soap > bubble bath & bath soaks > bubble bath & bath soaks,2/11/2025,1,20.0p/100ml,,,3,toiletries & beauty,bath,shower & soap,neutral,neutral,20,lt,Cyril
7883,NIVEA Q10 Anti-Wrinkle Day Cream for 60+ Mature Skin SPF15 ,https://groceries.morrisons.com/products/nivea-q10-anti-wrinkle-day-cream-for-60-mature-skin-spf15/111033147,toiletries & beauty > skin care > facial moisturising > day cream,2/12/2025,16,,,,4,toiletries & beauty,skin care,facial moisturising,neutral,neutral,,,Cyril
9590,Morrisons Kids Toothbrushes 3+ Years ,https://groceries.morrisons.com/products/morrisons-kids-toothbrushes-3-years/111867387,toiletries & beauty > dental care > childrens > toothbrushes,2/12/2025,0.96,,,,4,toiletries & beauty,dental care,childrens,neutral,neutral,,,Cyril
5977,Bodyform Intimawear Period Pants Washable Underwear Black Size M,https://groceries.morrisons.com/products/bodyform-intimawear-period-pants-washable-underwear-black-size-m/112845631,toiletries & beauty > period products > sustainables and reusables,2/12/2025,16,,,,4,toiletries & beauty,period products,sustainables and reusables,neutral,neutral,,,Cyril
12116,L'Oreal Preference Infinia 9.1 Viking Light Ash Blonde Hair Dye,http://groceries.asda.com/product/hair-care-dye--styling/loreal-preference-infinia--viking-light-ash-blonde-hair-dye/910002156391,toiletries & beauty > hair care > dye & styling > hair dye > permanent hair dye,2/12/2025,12,£12.00/each,,,3,toiletries & beauty,hair care,dye & styling,neutral,neutral,12,unit,Cyril
14514,Lure Beauty 20 Thin Snagfree Bands Black,http://groceries.asda.com/product/hair-care-dye--styling/lure-beauty--thin-snagfree-bands-black/1000383192746,toiletries & beauty > hair care > dye & styling > hair accessories > hair bobbles & bands,2/12/2025,1.5,7.5p/each,,,3,toiletries & beauty,hair care,dye & styling,neutral,neutral,7.5,unit,Cyril
18315,Macleans Fresh Mint Fluoride Toothpaste 100ml,https://www.sainsburys.co.uk/gol-ui/product/macleans-fresh-mint-fluoride-toothpaste-100ml,toiletries & health > toiletries & health essentials,2/12/2025,1.2,£1.20 / 100ml,,1.2,2,toiletries & health,toiletries & health essentials,,neutral,neutral,12,lt,Cyril
10967,Trip Orange Blossom CBD Oil 300mg 15ml,https://www.sainsburys.co.uk/gol-ui/product/trip-orange-blossom-cbd-oil-300mg-15ml,toiletries & health > toiletries & health essentials,2/12/2025,15,£1000.00 / ltr,,15,2,toiletries & health,toiletries & health essentials,,neutral,neutral,1000,lt,Cyril
18566,Sainsbury's Hayfever & Allergy Loratadine x14,https://www.sainsburys.co.uk/gol-ui/product/sainsburys-hayfever---allergy-relief-non-drowsy-x14,toiletries & health > toiletries & health essentials,2/12/2025,1.95,14p / ea,,1.95,2,toiletries & health,toiletries & health essentials,,neutral,neutral,14,unit,Cyril
16586,Bodyform Intimawear Period Underwear Bikini Black S,https://www.sainsburys.co.uk/gol-ui/product/bodyform-intimawear-period-underwear-bikini-black-s,toiletries & health > toiletries & health essentials,2/12/2025,20.5,£20.50 / ea,,20.5,2,toiletries & health,toiletries & health essentials,,neutral,neutral,20.5,unit,Cyril
17192,Colgate Cavity Protection Toothpaste Pump 100ml,https://www.sainsburys.co.uk/gol-ui/product/colgate-cavity-protection-fluoride-toothpaste--pump-100ml,toiletries & health > toiletries & health essentials,2/12/2025,2,£2.00 / 100ml,,2,2,toiletries & health,toiletries & health essentials,,neutral,neutral,20,lt,Cyril
5687,Always Discreet Incontinence Pads Normal For Sensitive Bladder x12,https://www.sainsburys.co.uk/gol-ui/product/always-discreet-incontinence-pads-normal-for-sensitive-bladder-x12,toiletries & health > toiletries & health essentials,2/12/2025,2.75,23p / ea,,2.75,2,toiletries & health,toiletries & health essentials,,neutral,neutral,23,unit,Cyril
14461,Trip Orange Blossom CBD Oil 1000mg 15ml,https://www.sainsburys.co.uk/gol-ui/product/trip-orange-blossom-cbd-oil-1000mg-15ml,toiletries & health > toiletries & health essentials,2/12/2025,25,£1666.67 / ltr,,25,2,toiletries & health,toiletries & health essentials,,neutral,neutral,1666.67,lt,Cyril
19168,Gillette Sensitive Skin Shaving Gel 200ml,https://www.sainsburys.co.uk/gol-ui/product/gillette-shave-gel--sensitive-skin-200ml,toiletries & health > toiletries & health essentials,2/12/2025,1.7,85p / 100ml,,1.7,2,toiletries & health,toiletries & health essentials,,neutral,neutral,85,lt,Cyril
20038,Oral-B Pro Expert Professional Protection Clean Mint Toothpaste 75ml,https://www.sainsburys.co.uk/gol-ui/product/oral-b-all-around-protection-clean-mint-toothpaste-75ml,toiletries & health > toiletries & health essentials,2/12/2025,3.5,£4.67 / 100ml,2.5,,2,toiletries & health,toiletries & health essentials,,neutral,neutral,46.7,lt,Cyril
